dim_1,dim_2,dim_3,dim_4,dim_5,dim_6,dim_7,dim_8,dim_9,dim_10,dim_11,dim_12,dim_13,dim_14,dim_15,dim_16,Value
0.17337766,-0.050290357,-0.122694835,0.111344695,0.12908512,0.5146685,0.33731475,0.080785,0.17202437,0.2319621,-0.043648798,0.5863202,0.17371601,0.0639956,-0.099688,0.25459683,0.09110020101070404
0.37723744,0.0075178347,0.12524982,0.27936387,0.07469648,0.40898493,0.49077472,0.2510944,0.033747226,0.33588594,0.039094985,0.3509378,-0.09419336,-0.028285783,0.0910962,-0.17473462,0.38874509930610657
0.43796515,-0.16315693,0.01846103,0.18538746,0.09955611,0.48459527,0.33976904,0.270504,0.15752767,0.23164372,-0.061447635,0.30731782,0.10006981,-0.2947468,-0.18715973,-0.06989496,0.41643986105918884
0.32697237,0.07275159,0.06376193,0.20614313,-0.025595786,0.47360438,0.4203647,0.24474025,0.07305014,0.3965649,-0.039310805,0.30728856,-0.14917547,0.22314471,0.075498566,-0.2082223,0.24844174087047577
0.25355986,0.073431395,-0.28005695,0.26511642,0.36148223,0.40631357,0.0029890258,0.15099251,0.4034801,0.31214625,0.026158337,0.385412,-0.016655542,0.22492358,0.025724916,0.045176443,0.22940275073051453
0.46250817,0.101631396,0.1170511,0.12321828,-0.027010849,0.37429744,0.32876685,0.17692399,0.030954702,0.43164268,-0.063261,0.2548497,-0.0850691,0.43119073,0.12984803,0.020222217,0.006880644243210554
0.5581192,0.13856512,0.23744573,0.24738365,0.046238147,0.18960324,0.3007454,0.32872292,0.3965597,0.20769656,0.11453701,0.18452263,-0.13780081,-0.13963062,0.022286618,-0.16906324,0.37080830335617065
0.5454689,-0.077927545,0.18949248,0.22260089,-0.019150548,0.5150843,0.21651375,0.2883087,0.28244585,0.09433366,0.074968904,0.28275084,0.122999534,-0.022821486,-0.057569988,-0.14848137,0.4331595301628113
0.3795105,0.24519235,0.112918414,-0.031292118,-0.14126906,0.0543372,0.10553364,0.38291004,0.50672024,0.033329003,0.11706746,0.36171603,0.076788664,0.381307,0.2145985,-0.04113718,0.06416412442922592
0.38812715,0.25573486,0.14331698,0.21676423,0.03764052,0.13020709,0.47632986,0.3229721,0.2500412,0.21255937,-0.017762512,0.35479316,-0.11508689,0.15040348,0.24346854,-0.19447282,0.27608007192611694
0.41728866,-0.063384995,0.15866868,0.40031195,0.26228127,0.37010136,0.44605538,0.29456866,0.14710367,0.21166895,0.11841719,0.10886454,-0.011336928,-0.12738161,-0.06587749,-0.17864142,0.5196759700775146
0.46955448,-0.00043657853,0.03957485,0.27620184,0.17094646,0.44974527,0.4032261,0.2922802,0.24316694,0.15249535,0.122928396,0.31799158,0.14006622,0.018857792,0.019572522,-0.056391,0.40375789999961853
0.48096046,0.008086216,0.12705694,0.37886798,0.31048298,0.3011174,0.2377053,0.32007912,0.37098333,0.12532821,0.18524925,0.08465025,0.05063598,-0.12222097,0.034828383,-0.22218831,0.5925428867340088
0.49430215,-0.1494842,0.17674583,0.29982543,0.22333533,0.36305538,0.1851113,0.3001507,0.21481316,0.26387233,0.04123272,0.42173696,0.040561207,-0.023592364,0.00037434555,-0.09275521,0.48071712255477905
0.48459265,-0.099046394,0.14976095,0.35358554,0.28135487,0.39678958,0.22254768,0.32546094,0.23128171,0.20049594,0.07228333,0.15222573,0.030809576,-0.19026192,-0.03594007,-0.23521455,0.618948221206665
0.47739655,-0.07020358,0.22541209,0.2921858,0.18251309,0.39166787,0.3749249,0.30615246,0.1757675,0.23996702,0.11544442,0.16189703,-0.014078991,-0.06976118,0.1128391,-0.25328693,0.5724262595176697
0.50445366,-0.01843173,0.014293408,0.35609075,0.24074847,0.3940913,0.3087022,0.31311694,0.18980284,0.19161351,0.1797748,0.24283077,0.037738945,-0.0866271,0.09988174,-0.16924353,0.5290893316268921
0.58910817,-0.0034510347,0.213127,0.290963,0.1140748,0.33753252,0.35620475,0.3141588,0.2443257,0.17100716,0.12657593,0.16314813,-0.0001783856,-0.014627518,0.043109268,-0.19154248,0.45522788166999817
0.36573485,-0.009427501,0.08859425,0.3886855,0.21000782,0.5507779,0.39986518,0.18369408,0.30015263,0.097165175,0.16366157,-0.01923991,-0.034695037,0.047479346,-0.02055272,-0.18857406,0.49034175276756287
0.6075143,-0.009739969,0.20392126,0.31120405,0.09430077,0.30157715,0.30122226,0.2774728,0.29795623,0.22134684,0.13339427,0.16156788,-0.0019422458,-0.15337299,-0.06273002,-0.12529781,0.40445271134376526
0.51745766,-0.042337127,0.16787843,0.3445473,0.3119126,0.30477846,0.2748807,0.35357556,0.31717056,0.09608502,0.107811265,0.14830421,0.013050107,-0.10646174,0.057093903,-0.18596722,0.599804162979126
0.4834219,-0.11661892,0.18236065,0.29950434,0.1886632,0.3184801,0.3285826,0.34551528,0.29686892,0.11270738,0.119508356,0.1707972,-0.0141047,-0.25424173,0.027311884,-0.23558992,0.6261253952980042
0.3912449,-0.19712867,0.085633986,0.3756478,0.33877468,0.4194737,0.30558887,0.28045818,0.2354671,0.0568971,0.13391416,0.017365541,-0.05468181,-0.2676186,-0.08292134,-0.19609481,0.6579791307449341
0.35451454,-0.22212669,0.185617,0.2773987,0.3705816,0.35619798,0.18717806,0.3504331,0.11641059,0.16885236,0.0037852912,-0.091591366,-0.050916318,-0.38948637,0.009214944,-0.2944247,0.7550413608551025
0.2551254,-0.30244422,-0.02406565,0.33436257,0.18604346,0.5051259,0.21832375,0.17478304,0.041548096,-0.12604977,0.023558958,0.036964983,0.07246229,-0.502155,-0.15895666,-0.24671529,0.6803296208381653
0.43564957,0.02433762,0.10633241,0.30998,0.29533488,0.18831751,0.42350906,0.2684179,0.37680063,0.05637765,0.08683372,0.097798176,-0.08866152,-0.33319685,0.05833592,-0.20876524,0.585490345954895
0.25293335,-0.04336948,-0.013428944,0.3995986,0.3375081,0.3947729,0.36686653,0.29166016,0.31783244,0.06880309,0.17274404,0.015031213,-0.021590931,-0.3409916,-0.023497976,-0.17821087,0.6391088962554932
0.491424,-0.11447832,0.2328846,0.3526672,0.24156429,0.22820993,0.21827315,0.35924774,0.368835,0.13519599,0.124253094,0.099379785,0.005479444,-0.21137856,0.14144008,-0.18789355,0.6444931030273438
0.50742745,0.032972544,0.12790486,0.3834147,0.34106985,0.26695064,0.30857095,0.24968982,0.2916365,0.1689736,0.090306625,0.27023336,0.007856447,-0.0050878064,0.16512404,-0.103791565,0.5034855604171753
0.23260845,-0.14681275,0.09605246,0.39951175,0.28077713,0.4954909,0.339751,0.32060814,0.19039713,0.099018484,0.10073243,0.18494214,-0.0078770965,-0.14729473,0.10538494,-0.2994429,0.740083634853363
0.4178111,-0.13658783,0.21373829,0.2834862,0.016339043,0.39756823,0.17198794,0.3877213,0.32725295,0.15562004,0.13231963,0.09791907,0.011481069,0.14639632,0.2447352,-0.3203534,0.589428186416626
0.17530653,-0.12931514,0.1100854,0.49267426,0.27357915,0.5442413,0.23324111,0.13777101,0.13222842,-0.009925594,0.11941295,-0.08223472,0.055191565,-0.35777694,-0.17545806,-0.22985063,0.6524834632873535
0.26047146,-0.098160855,0.21897909,0.32163087,0.3646815,0.31143427,0.31329185,0.33386424,0.18209545,0.051232234,0.083987124,-0.0059083398,-0.07537101,-0.31486022,0.13175972,-0.40800634,0.8206761479377747
0.025675762,-0.12712498,0.07638267,0.33966205,0.32218575,0.17616369,0.29709136,0.08765513,0.101586536,-0.13794613,0.09697474,-0.28035486,-0.0953274,-0.66913027,-0.0493525,-0.23362608,0.6448225378990173
0.24352403,-0.15053324,0.08858837,0.2451621,0.29505527,0.18190725,0.11150489,0.34823552,0.46969965,-0.19344619,0.14918192,-0.2163929,0.020346494,-0.3380361,0.04463896,-0.3904345,0.7741004228591919
0.33084837,-0.00735467,0.052761026,0.394382,0.30585483,0.36626014,0.39938542,0.27877805,0.32575315,0.10898017,0.05093553,0.15626433,0.09340593,-0.3099865,-0.120994695,-0.052762922,0.5160778164863586
0.47381547,-0.1352913,0.21230553,0.27342787,0.41323218,0.2292721,0.03210781,0.26271722,0.19135512,0.22167575,0.10014666,-0.021565322,0.05140661,-0.48294866,-0.07321638,-0.080542095,0.590975284576416
0.41832945,-0.17125422,0.16447902,0.36958155,0.21497416,0.32562822,0.11974285,0.3046676,0.33273974,-0.02741182,0.098098315,-0.053709354,0.046103444,-0.43561926,-0.07577595,-0.22586155,0.6874389052391052
0.3229531,-0.18564099,0.24722475,0.39421332,0.28534192,0.45980763,0.23497094,0.3216251,0.17075369,0.013777409,0.06165474,0.19235542,0.16897881,-0.10181527,0.07769067,-0.2794867,0.7548019289970398
0.3074938,-0.13436255,0.12527792,0.20518392,0.2755253,0.3990358,0.24135521,0.42443556,0.20607474,-0.0069985464,0.073908746,0.21172151,0.14450513,-0.41684046,0.020009698,-0.2611803,0.7620055079460144
-0.019387348,-0.062780954,-0.05491309,0.32757527,0.45884445,0.3802802,0.18306188,0.2042695,0.2379156,0.09007711,-0.010203448,-0.2539,-0.22378097,-0.40513477,0.04344948,-0.3310371,0.7263228893280029
-0.028959218,-0.23828574,-0.07523841,0.36288035,0.36065337,0.4859579,0.0124735655,0.18401442,0.27623302,0.22671936,0.110256255,-0.12225572,-0.18671352,-0.35701224,-0.040580682,-0.29329118,0.7059725522994995
0.36112797,-0.011734884,0.31392574,0.22292401,0.105053835,0.25192368,0.4323903,0.16799842,0.31603876,-0.21283053,0.1442848,-0.11408797,-0.10165307,-0.12580958,0.15895402,-0.4484177,0.6488516926765442
0.42711702,0.085086524,-0.051720258,0.46800926,-0.00059671875,0.29764113,0.23134911,0.32920533,0.4015258,-0.14077933,0.106685884,-0.19370018,-0.15632175,-0.15218456,0.018759381,-0.2454435,0.4598602056503296
0.1003946,-0.3378161,0.18827091,0.18613626,0.36271644,0.41288328,-0.061661717,0.26519367,-0.21768978,0.042330414,-0.00068125915,-0.22547936,0.047453042,-0.42952648,0.15561996,-0.34432337,0.8229007720947266
0.056396984,0.02221782,0.15310994,0.34711602,0.15934666,0.42638654,0.06923264,0.24762829,0.49450967,-0.32908347,0.16136122,-0.114461064,0.1628728,-0.21825975,0.19451201,-0.27406126,0.7388145923614502
0.4594853,-0.2891828,0.3032405,0.24095073,0.16226304,0.10347319,0.2054811,0.22292589,0.28308684,0.032680854,0.10959106,-0.15366645,-0.1667595,-0.41665602,-0.10577094,-0.31121022,0.609880268573761
0.15687785,-0.084483474,0.07708127,0.33925816,0.2576124,0.42264864,0.34387246,0.17581347,0.21534106,-0.117760174,0.07887038,-0.13082486,-0.10247334,-0.2998744,0.02944506,-0.5178729,0.7844884395599365
0.14413321,-0.14556016,0.14838456,0.3003332,0.20784484,0.43568787,-0.05308844,0.31727377,0.14185315,0.30744866,0.20772374,-0.36670315,-0.14043906,-0.250834,0.19242115,-0.31205985,0.6735840439796448
0.14991966,-0.041621827,0.22103174,0.23658127,0.44556323,0.14823489,0.2423408,0.23526008,0.32746336,0.05399992,0.05122459,-0.01370179,-0.07671531,-0.28233472,0.35601118,-0.45944244,0.855127215385437
0.29249436,-0.26790574,0.25397202,0.30261263,0.1721285,0.46680498,-0.028777072,0.3433521,0.0799568,0.22367413,0.15670824,-0.019619897,0.07300134,-0.10933172,0.2146606,-0.41906565,0.7854189276695251
-0.09590871,-0.23138517,-0.014624742,0.4262935,0.22403973,0.5283223,0.25395438,-0.015329129,-0.03435022,-0.31498995,0.13666064,-0.14620167,0.12441617,-0.34958267,0.08154728,-0.27656683,0.7125555872917175
0.16018234,-0.24699977,0.3395361,0.20915723,0.22068848,0.35157806,0.17789623,0.3514879,-0.03309045,0.042925354,0.05485379,-0.098820716,0.043410327,-0.25593653,0.25072852,-0.5299388,0.8830640912055969
-0.059232347,-0.25299165,0.27991748,0.114594564,0.12853336,0.14836182,-0.036575608,0.17442407,-0.0106035955,-0.39626893,0.09943643,-0.16051337,0.17075884,-0.49012154,0.24401475,-0.49899188,0.8387258648872375
-0.15191622,-0.2343812,0.006001196,0.19350736,0.41454065,0.15695158,0.07490392,0.10659392,0.10664767,-0.31882513,-0.014422261,-0.18734828,-0.038960386,-0.46961984,0.18370537,-0.5166393,0.8717579245567322
0.1529766,-0.3193854,0.23201661,0.27082095,0.36401144,0.4212431,0.23382893,0.23412974,0.045947835,-0.018196473,-0.007668999,0.14460236,0.13558148,-0.32528225,0.11849825,-0.40783444,0.8985980749130249
0.058900002,-0.29492956,0.13423319,0.17717485,0.36752674,0.51111096,0.19621766,0.25474676,0.118844375,0.26245937,-0.041385625,0.11671728,0.022174774,-0.11021543,0.26925164,-0.42065436,0.8420615792274475
0.09327439,0.052345406,0.112489894,0.36084068,0.35154405,0.3879982,0.33172172,0.26825556,0.16396318,0.14241228,0.016414195,0.16012996,0.005718095,-0.075041845,0.3516853,-0.4326095,0.7745065093040466
-0.00085123366,0.013997766,-0.0059417496,0.28532335,0.38280183,0.18739003,0.28802553,0.25897092,0.295807,0.00940261,0.005897742,0.0013638919,-0.12819304,-0.3581738,0.3592174,-0.47465345,0.8320907354354858
-0.093875624,-0.32447717,0.12297954,0.29146495,0.36531702,0.33063948,0.077449545,0.07012661,0.06382446,-0.25819048,0.027988773,-0.23626861,-0.0044636806,-0.45188245,0.046193145,-0.44546315,0.8598353862762451
-0.17556493,-0.37419316,0.24958405,0.14728089,0.2999725,0.21917023,-0.032616954,0.14614998,-0.06749044,-0.08229103,-0.0845908,-0.12402691,0.02061746,-0.3303336,0.31569138,-0.5845155,0.91749507188797
-0.05177299,-0.28719,0.2136411,0.14877413,0.5021448,-0.02616267,-0.18901359,0.18471391,-0.007906222,-0.032469817,0.046332587,-0.19473638,-0.15101805,-0.47643745,0.2696969,-0.40082982,0.8220465183258057
0.033923622,-0.07617546,0.18871456,0.23207304,0.14128524,0.20701803,0.5459328,0.11497955,-0.17929587,-0.10352114,-0.0010019233,-0.16228725,-0.011223483,-0.5212055,0.11374044,-0.41901642,0.6436585187911987
0.070333,-0.17874685,0.23487744,0.06559005,0.41282842,0.0035959503,-0.14846507,0.33716354,0.2956956,-0.079259224,-0.037829634,0.16656333,-0.032692406,-0.32054827,0.3397662,-0.50529057,0.8958544731140137
-0.13066356,-0.15788172,0.11431108,0.21849239,0.25818148,0.104606844,0.35730004,0.078827985,-0.07153061,-0.46410173,-0.054616388,0.15002279,0.06666583,-0.50869006,0.11393328,-0.40438786,0.740172803401947
-0.14387804,-0.35658443,0.24981946,0.08729954,0.27260596,0.06244471,-0.15707716,0.25882167,-0.04408373,-0.08102196,-0.04059249,0.089771844,0.12276699,-0.4321841,0.31441692,-0.5415837,0.9019930362701416
-0.070935786,-0.22694749,0.25171247,0.039144926,-0.004074464,0.006831047,-0.15682885,0.027189033,-0.05978733,-0.37900025,-0.02886257,-0.57803625,-0.1705094,-0.34174064,0.06983125,-0.46932122,0.5048119425773621
0.16229177,-0.031926908,0.10517365,0.4127364,0.28034097,0.24114878,0.13903375,0.30069563,0.2081779,-0.026310658,0.05209599,-0.25901413,-0.1526581,-0.2497299,0.2402861,-0.53618807,0.8106755614280701
0.12483821,-0.27648687,0.25542516,0.25675154,0.3187128,0.35965785,0.25613058,0.25592718,0.023873452,0.070864245,-0.0074404557,0.18097723,-0.05545258,-0.24766159,0.21430518,-0.5157868,0.8958461880683899
0.2557277,-0.025374057,0.21474446,0.26343143,0.2563622,0.100402266,0.37375292,0.38812304,0.2119586,-0.3206019,-0.044062935,0.02547245,0.05402976,-0.4039452,0.16738205,-0.32848936,0.7564362287521362
-0.16125003,-0.2523446,0.1900469,0.10700246,0.2015928,-0.019258542,-0.2331765,0.13993229,0.15982564,-0.33858845,0.077862605,-0.29390505,0.03742133,-0.36218747,0.31723887,-0.5309808,0.7925630807876587
-0.013757023,0.14063714,0.1232127,0.2362724,0.30101067,0.00026002165,0.20341527,0.13543019,0.102170005,0.10734429,-0.049873564,-0.20424055,-0.27719197,-0.4311862,0.18559602,-0.62875545,0.6704422831535339
-0.22937822,-0.09601772,0.17911774,0.13322918,0.18187654,0.056246944,0.05702092,0.11139965,0.11112665,-0.24361686,-0.08907944,-0.29524326,-0.18942662,-0.14805284,0.50797516,-0.59479916,0.7508611679077148
0.20635824,-0.35335416,0.013481613,0.16572228,0.3378521,0.30373764,0.08774769,0.39578864,0.37465772,-0.15362197,0.05632278,0.12446286,0.14843093,-0.43314937,-0.010785501,-0.20436406,0.7956196069717407
-0.017405046,0.03050695,0.0336597,0.26418558,0.383653,0.14113326,0.213715,0.30448505,0.21554488,-0.16846761,-0.017495822,0.15263829,-0.029229334,-0.24649279,0.44180423,-0.5168136,0.8722290396690369
-0.1411148,-0.13908607,0.18151699,0.13563056,0.31687987,0.2801106,0.31936574,0.19686101,-0.012993664,-0.11486345,-0.0776738,0.14147931,0.054925464,-0.32289258,0.3658201,-0.5561126,0.8991901874542236
0.16598336,-0.28539023,0.26833323,0.17703545,0.029025618,0.24352713,-0.25747913,0.20902355,0.34006357,-0.27142498,0.23472306,-0.17686065,0.20561555,-0.17592224,0.094716206,-0.50954527,0.7483624219894409
0.26457697,0.029105598,0.16607983,0.14088155,0.20771444,0.16334833,0.24495468,0.47817245,0.43557543,-0.20407341,0.018512556,0.30670682,0.080849916,-0.24011555,0.2101481,-0.2985029,0.7138512134552002
0.111736394,-0.44692868,0.28428885,0.1368841,0.3860498,0.39201358,0.06750668,0.31267774,-0.023532566,0.086317904,-0.10340423,0.19123615,0.14972883,-0.26630569,0.12799522,-0.3437882,0.8723381757736206
-0.061101962,-0.052150823,0.38138464,0.19538413,0.2567379,-0.036117204,-0.15146197,0.19368124,0.15056708,-0.0308747,0.08815599,-0.18750124,-0.030438174,0.04491038,0.5321662,-0.5740641,0.7378767132759094
0.07711341,-0.08358266,0.09485218,0.13039349,0.32566068,-0.27380136,-0.06670847,0.1984644,0.3564177,-0.09185093,-0.053703424,-0.15485474,-0.33431372,-0.6218471,-0.07785564,-0.263349,0.5028867721557617
-0.39074185,-0.10819151,-0.26457092,0.23355515,0.2789338,0.37094668,0.12422912,-0.0025712436,-0.09169301,-0.13733885,-0.1251705,-0.012750388,0.0406643,-0.47275755,0.30139485,-0.3480411,0.6867119073867798
-0.030619394,-0.046812724,0.26190197,0.29920685,0.41242337,0.50075346,-0.078492194,0.17802894,0.16940142,0.07158945,0.19649304,-0.042093538,0.102271356,0.060886256,0.29507062,-0.45234376,0.8154003620147705
-0.40814063,-0.13260454,0.034825046,0.14267296,0.41873026,0.22156063,0.09492663,0.11858142,-0.064153016,-0.07334876,0.01861084,-0.19311519,-0.051148128,-0.26051837,0.41763544,-0.50470924,0.8106618523597717
0.07911274,0.019911956,0.11511165,0.4066077,0.44850916,0.18470135,0.16379553,0.27589247,0.2188016,-0.22206172,0.04470061,-0.06866198,-0.054620843,-0.48046604,0.12767324,-0.35001978,0.8250901699066162
-0.1108615,-0.18418027,-0.14575806,0.2637245,0.18388994,0.31756124,0.14502166,0.18291482,0.33639148,-0.014453742,-0.026256839,0.2574311,-0.1540776,-0.094032265,0.39534417,-0.5519369,0.7983315587043762
-0.17371246,-0.18910071,0.18680194,0.14100151,0.20943628,0.3116373,-0.07212183,0.14045353,0.078769475,-0.23344555,0.009898844,-0.17990004,0.07110303,-0.23361273,0.27785957,-0.6952542,0.8983205556869507
-0.12248825,-0.36277205,0.3756307,0.034830652,-0.06806046,0.36903772,0.04949959,0.0024505637,-0.26298016,-0.29783815,0.0483835,-0.22234876,-0.04752766,-0.28144205,0.17667614,-0.49545437,0.6660029888153076
-0.010509046,-0.037709128,-0.108339585,0.2887913,0.31755406,0.40913472,0.39711672,0.11328729,0.22142604,-0.066350184,0.035629835,0.10792187,-0.038880024,-0.471476,0.1577842,-0.38667375,0.7687762975692749
-0.11828699,-0.3457629,0.28147638,0.087994024,0.15336294,0.237294,0.13988413,0.14579669,-0.15480073,-0.069398895,-0.070614226,0.13338266,0.24717504,-0.30133677,0.34553406,-0.5796391,0.8616331815719604
-0.010062058,-0.20053615,0.13711093,0.23601545,-0.04419315,0.41885158,0.16470407,0.25396156,0.027374873,-0.20610626,0.0059853117,0.14634702,0.24662611,-0.047662936,0.31863457,-0.62198156,0.8044444918632507
0.22380728,-0.034381274,0.19756486,0.33171874,0.16949789,0.4942914,0.24210477,0.29550624,0.14982018,-0.08532781,0.15710191,0.2603892,0.33574778,0.06832488,0.2664609,-0.26468873,0.6739985346794128
-0.026194116,-0.040881313,0.36385092,0.018092137,0.16581255,-0.077478915,0.111223824,0.38935912,0.040490746,-0.227822,-0.093463086,0.19991796,0.030866694,-0.32555902,0.41651765,-0.5336538,0.7923764586448669
0.15603112,0.008617548,0.022893593,0.33885777,0.32140514,0.32513025,0.09461077,0.4383106,0.38093317,0.23707204,0.04120579,0.16542962,-0.041736666,-0.13261473,0.271437,-0.3560452,0.7462723851203918
-0.14268644,-0.30471992,-0.09994031,0.24561414,0.23151354,0.54364175,0.08118516,0.09015472,0.23447558,-0.26278076,0.13639125,0.01439198,0.17853719,-0.15671174,0.12767649,-0.48685792,0.830271303653717
-0.13209479,-0.3623593,0.19695525,0.20097244,0.17577021,0.34918123,0.1689148,0.086576834,-0.07211334,-0.16329136,0.016442303,-0.2674943,0.039156336,-0.5104327,0.024580067,-0.4656697,0.791726291179657
0.06544112,-0.029412193,0.08115641,0.23578511,0.42153,0.016518561,0.16168633,0.32222202,0.26087984,0.06645549,0.007857526,0.109624304,-0.16171788,-0.33874294,0.32756177,-0.54036236,0.8408615589141846
0.11806487,-0.34407923,0.14101574,0.19390845,0.22506699,0.2377268,0.076337546,0.37374762,0.041820638,0.0034719494,-0.053947385,0.12169809,0.110558935,-0.4598935,0.2580449,-0.49770096,0.9258669018745422
0.20608912,0.107451856,0.04819533,0.21440089,0.23913614,0.20259725,0.3751454,0.2955514,0.41146496,-0.15865055,0.09632941,0.21541892,0.09722702,-0.4494939,0.17201719,-0.28306988,0.6891685724258423
0.06831701,-0.11282805,0.13634048,0.20366034,0.2694645,0.34871793,0.11986143,0.27467903,0.50397,-0.39976996,0.18035012,0.10863313,0.100465365,-0.13807201,0.19079803,-0.33884433,0.8072669506072998
0.2606735,-0.17189611,0.24709502,0.28469056,0.36118084,0.27245095,0.33124822,0.30991334,0.27494186,-0.003065672,0.089836545,0.027424164,-0.08003532,-0.2988817,0.10586112,-0.39821598,0.8265741467475891
-0.07810111,-0.006027545,0.16927174,0.17277658,0.40067956,0.21477804,0.26725093,0.40266606,0.020722331,0.15554917,-0.15857098,0.12371223,-0.15381801,-0.24166153,0.4470895,-0.384836,0.7942212820053101
-0.059198014,-0.3331535,0.22683151,0.25633296,0.31192538,0.43188974,0.071082145,0.19912277,0.2824089,-0.16548726,0.15113267,0.15408446,0.20918109,-0.2407376,0.2147938,-0.37181282,0.924523115158081
-0.13969989,-0.24169002,0.12015296,0.14529525,0.36662975,-0.030505098,-0.03527889,0.2767957,0.014924337,-0.044009786,-0.06576991,0.0543097,0.09796863,-0.5841772,0.26209712,-0.49429095,0.8716740608215332
0.2226233,-0.0040153856,0.31969616,0.18549034,0.16274789,0.13862266,0.13545099,0.21472816,0.20580825,0.15827453,0.15470025,-0.08635727,-0.14314999,-0.2454919,0.4271643,-0.58448863,0.767405092716217
-0.43032137,-0.24375245,0.026791092,0.18749699,0.26804873,0.40795913,0.17133355,0.096319415,-0.06486305,-0.24073364,0.014965376,0.0066079837,0.10657587,-0.27019164,0.20884359,-0.502212,0.8219176530838013
0.07367155,0.031788904,0.20903057,0.23124337,0.054394796,0.30636418,0.5524854,0.33660564,0.07057371,-0.09615273,0.21722011,0.08325835,0.287698,0.021696085,0.18455534,-0.4420288,0.6054232716560364
0.15518111,-0.3046815,0.23770164,0.21373524,0.36106032,0.28918433,-0.123786725,0.22987704,-0.08799637,0.1732929,-0.06350002,-0.14598428,-0.15128015,-0.41514271,0.11632905,-0.47630385,0.8232413530349731
-0.09376342,-0.26227397,0.23452117,0.13439327,0.23567072,0.25207803,0.18950559,0.19273238,-0.24718131,-0.07868945,0.03725598,0.0038004706,0.118318126,-0.612349,0.099390246,-0.4355169,0.8009266257286072
-0.2555509,-0.29367858,-0.10396848,0.17389905,0.4940932,0.24236262,0.19249676,0.14390494,0.022696506,-0.1710352,-0.23359959,0.17684357,0.04525682,-0.38606456,0.26664782,-0.33008993,0.8295755386352539
-0.014606155,-0.024714775,0.08762428,0.40163484,0.36435634,0.4691962,0.037112903,0.12053597,0.20071486,-0.020644475,0.112957746,-0.37213418,-0.12274169,-0.16298683,0.098961465,-0.46690565,0.7479751110076904
-0.094915554,-0.23243316,0.08416632,0.17901571,0.32406914,0.026252603,-0.09588246,0.29348636,0.2376413,-0.08739096,-0.019777473,-0.27953503,-0.20199712,-0.5781581,-0.00086962787,-0.4231851,0.7509252429008484
-0.05849514,0.07631034,-0.08643732,0.29105464,0.106909424,-0.01864461,0.38580137,0.24135984,0.2982131,-0.5183396,0.092926405,-0.11447218,0.04326135,-0.2629316,0.06642988,-0.47427067,0.5794322490692139
-0.2444261,-0.017789466,0.052622356,0.27811283,-0.0049520354,0.09442861,0.12264089,0.05058213,0.31147352,-0.2207041,0.12352355,-0.15713483,-0.029730584,-0.02410234,0.59456307,-0.5409597,0.658725380897522
-0.27304476,0.021266544,-0.06487581,0.3051473,0.32261556,0.2564423,0.16062088,0.06335354,0.3063075,-0.37373164,0.019010672,0.017427145,-0.006631067,-0.344025,0.15395905,-0.50174606,0.7820879817008972
-0.26459503,-0.19208843,0.0012403416,0.17799231,0.3706023,0.1601859,0.042708866,0.21861637,0.24795936,-0.38564926,0.010113838,0.1759503,0.0461128,-0.41104546,0.2552429,-0.41386253,0.8789117932319641
0.118700534,-0.15053344,0.31032437,0.26407766,0.24887301,0.3635785,0.42122108,0.3177483,0.027278861,-0.21296774,0.06325877,0.12918502,0.08401695,-0.41504973,0.061723843,-0.2734383,0.7819923758506775
0.14401756,0.042068828,0.1576784,0.27850685,0.30411124,0.12237897,0.026591305,0.3319695,0.3233527,-0.04688952,0.13024859,-0.15987758,-0.13636872,-0.17459103,0.4624168,-0.49447006,0.8090924024581909
-0.32021913,-0.3854216,0.112061635,0.15038618,0.39406013,0.542831,-0.15697965,0.011658245,-0.10506128,-0.057846017,-0.061528783,0.035898197,0.11601613,0.03371793,0.17192492,-0.41880217,0.7621650695800781
-0.08333405,0.06442145,0.18734828,0.338251,0.48479107,0.3231117,0.12495625,0.16630715,0.23575954,0.16497067,0.12610841,-0.07419076,-0.03694598,-0.20315222,0.30549085,-0.46532834,0.8238517642021179
-0.17990002,-0.16674392,-0.192342,0.15763459,0.42785874,0.2648992,0.11205589,0.17149311,0.07686284,-0.023584347,-0.22332399,0.29073364,-0.10127149,-0.17828262,0.21405591,-0.5950318,0.800842821598053
0.2317759,-0.091613196,0.20534289,0.45929977,0.47778037,0.004520122,0.059747625,0.2811578,0.069017634,-0.06294883,0.0064160414,0.0067998716,0.10736449,-0.46478888,-0.36647612,-0.056364123,0.49302753806114197
-0.13390672,0.0020480636,0.016158752,0.33444035,0.4497753,0.37160355,0.08073848,0.08430914,0.18691483,0.08752702,0.14894056,-0.31156784,-0.20218626,-0.311617,0.20356816,-0.41792253,0.7466437220573425
0.034368034,-0.4005822,-0.14131775,0.17998877,0.2817881,0.46443695,-0.15776303,0.3250786,-0.25829977,0.0028528597,-0.18213949,0.3013714,0.2096137,-0.3085143,0.0033594419,-0.17452237,0.6434640884399414
0.18179166,-0.0054089134,0.11896983,0.37173915,0.1833826,0.452521,0.29292133,0.40132225,0.30958444,-0.10610688,0.18688586,0.08282143,0.19512911,-0.28701916,0.078588784,-0.23193404,0.7180769443511963
-0.18257432,-0.43562812,0.13502331,0.20668279,0.41708472,0.18383627,0.0071951426,0.08753728,-0.22981071,0.040751155,-0.20864888,-0.08922613,-0.16897851,-0.326801,0.2232575,-0.45750403,0.7986956834793091
-0.022249768,0.082186826,0.27035734,0.046291642,0.28333488,-0.038345538,-0.1737558,0.31271708,0.18235675,0.3035193,0.15809098,-0.09523517,-0.13871145,-0.2800647,0.41789275,-0.525386,0.6827620267868042
-0.48259225,-0.078951284,-0.050558873,0.14578295,0.4201816,0.12548941,-0.1458964,0.0032626046,0.19091481,-0.25924668,0.08507761,-0.12686622,-0.037072226,-0.19602436,0.42370537,-0.42089117,0.7291585803031921
-0.26924214,-0.104790255,0.043883976,0.26589182,0.46755525,0.39270845,0.2234265,0.030523356,0.074561626,0.07273834,-0.05651884,-0.12128295,-0.11090572,0.009965386,0.36567652,-0.49532983,0.7676599621772766
-0.40750793,-0.11783862,-0.11556131,0.11728099,0.4564364,0.30455726,0.1398355,0.05305525,0.09778166,-0.17662746,-0.07018712,0.08467887,-0.045283966,-0.23854072,0.41111323,-0.4343527,0.8052788376808167
-0.54490584,-0.35710683,-0.10620424,-0.061948203,0.36423743,0.14103004,-0.19243036,0.035341304,-0.117487356,-0.2798634,-0.304822,0.15470318,-0.07521347,-0.3669935,0.03576565,-0.13784666,0.5054299831390381
0.06966253,-0.118947096,0.100087576,0.21517703,0.3593109,0.046900827,-0.0345921,0.28154874,0.053746086,-0.01904662,-0.101821326,-0.12615198,-0.18520114,-0.53883225,0.11812169,-0.5871832,0.8251157402992249
-0.19022153,-0.23008049,-0.22238001,0.18182255,0.25904354,0.29124847,0.080462605,0.23507491,0.19053708,-0.06848688,-0.06196309,0.28011817,0.007386806,-0.08867227,0.53127134,-0.44859305,0.8045491576194763
-0.038070053,-0.22230092,0.15239555,0.15386005,0.1857923,0.34607586,0.33670998,0.30004618,0.06537533,-0.4305685,-0.06028127,0.3726183,0.2521412,-0.16734166,0.2732007,-0.2149152,0.7424520254135132
0.018440843,-0.14827836,0.18316272,0.06709729,0.2919079,0.29899862,0.31465733,0.340015,0.030232865,0.21794297,0.0057788678,0.097276,-0.07748159,-0.14441288,0.36965597,-0.5735676,0.8246769309043884
-0.16954145,0.16152774,0.1407933,0.32704508,0.40717065,0.3123011,0.1897202,0.16529855,0.18373081,0.19451517,0.06979341,-0.023379806,-0.12132161,-0.051037833,0.4157248,-0.47390315,0.7301434278488159
-0.3524975,-0.008482083,0.009054932,0.18493165,0.4083476,0.5648494,0.36506692,0.08639884,0.058890764,0.21097125,0.039123096,0.19320598,-0.1275973,-0.050991572,0.2561916,-0.20856433,0.5934180617332458
-0.30071336,-0.07387415,0.2040285,0.13568583,0.2377737,0.004489728,0.18838683,0.26798677,-0.07834691,-0.055871926,-0.15456192,0.092553414,-0.14660649,-0.101014525,0.3652633,-0.68802816,0.7576926350593567
0.005823798,-0.17978343,-0.038959194,0.14968784,0.48119208,0.2890195,0.10783684,0.31017238,0.32400933,0.19318895,0.063509636,0.3841889,0.14512055,-0.09710011,0.34560254,-0.27737665,0.7725026607513428
-0.11944304,-0.014897884,0.29447848,0.12345443,0.09321774,0.1329203,0.22726977,0.17124617,0.10227503,-0.3203742,-0.04340624,0.20709307,0.20291732,-0.18828715,0.48316288,-0.55522376,0.7941218018531799
0.07815282,-0.23744966,0.15904093,0.14862648,0.17610464,0.29124287,0.24068335,0.410536,0.013254028,0.026764201,-0.16260163,0.3739057,0.12891623,-0.39646196,0.227826,-0.39367428,0.8201296329498291
-0.17755851,-0.18589188,0.165413,0.13672237,-0.052173033,0.23305759,0.11927528,0.039952114,0.07679038,-0.4378236,0.082184024,-0.29893318,0.062703885,-0.19024183,0.28699154,-0.6315162,0.7166476249694824
-0.31465453,-0.21399254,0.027913326,0.14609487,0.23253217,0.47698596,0.11900556,0.09185771,0.19414459,-0.40214917,0.104273714,0.049974207,0.10488438,-0.2357147,0.1276257,-0.48296267,0.8265066742897034
-0.48451325,-0.21960971,0.1431954,-0.07402313,0.14801018,-0.15279378,0.12495717,-0.023786435,-0.17900963,-0.34022787,-0.06128685,-0.22550921,-0.049261704,-0.22794041,0.16428256,-0.5880637,0.5301542282104492
0.27914682,0.10436475,0.061070208,0.35917565,-0.004187011,0.48448083,0.3420959,0.23495033,0.09138289,0.16023494,0.11732808,-0.23159114,-0.16417399,-0.039601468,0.08497542,-0.48405504,0.5089884400367737
-0.064128436,-0.4537811,0.21349601,0.17792885,0.17481974,0.24806263,0.26297274,0.288607,0.0011916643,-0.38960478,-0.02522585,0.31293955,0.25817117,-0.21389458,0.08346709,-0.3137746,0.7784680128097534
-0.19412753,-0.18416727,0.15098226,0.21713288,0.2073384,0.4052392,0.453548,0.19378605,-0.13537823,-0.090260506,-0.1286985,0.15949231,0.04682844,-0.24468073,0.19784865,-0.48816663,0.7825866341590881
-0.25782573,-0.5335443,-0.05228726,-0.08885383,0.2595184,0.33734667,-0.09340242,0.035267685,-0.104889706,-0.18977973,-0.05299797,0.20138904,0.13135062,-0.23170292,0.09198976,-0.5266129,0.7616262435913086
0.0810183,-0.52668256,0.07464473,0.25108898,0.33770943,0.12504394,-0.097322665,0.09832465,0.063820556,-0.42176646,-0.0878357,-0.19625254,-0.09174505,-0.3271677,0.103501454,-0.37979245,0.8008702397346497
-0.13946722,-0.2957365,0.19701846,-0.012240056,0.29964307,0.1818064,0.09139398,0.2501536,-0.22136602,0.13557604,-0.047980633,0.4736384,0.17264983,-0.32235402,0.3091741,-0.37016967,0.744840145111084
-0.30345717,-0.08630538,-0.070818946,0.30502656,0.27811006,0.606321,0.20984367,0.09299457,0.22866912,-0.23819104,0.10238722,0.13659345,0.18065584,-0.04931378,0.16743365,-0.3216956,0.7191161513328552
-0.20608549,-0.26638123,-0.016453624,0.2724649,0.7096093,0.26471525,-0.048252836,0.041026365,0.095865205,0.12812258,-0.22453037,0.1258855,-0.15827282,-0.2690258,0.019787557,-0.21153647,0.6976308226585388
-0.25517303,-0.04482961,-0.18071786,0.36210895,0.49101138,0.307802,0.13431478,0.12204437,0.2711826,0.003229854,0.0064120246,-0.16277584,-0.18678084,-0.3135255,0.1568539,-0.3774251,0.7350488305091858
0.10196768,-0.1042362,-0.011389708,0.3395243,0.1406315,0.5483105,0.29723245,0.25911826,0.015175929,0.07710555,0.05272345,0.111851014,0.2042023,-0.1542357,0.24681021,-0.48943987,0.7729988694190979
-0.06493985,-0.23685163,-0.12522063,0.24417597,0.3760895,0.3127678,-0.14295843,-0.013625633,0.310556,-0.031057714,0.20768209,-0.3297068,0.037696525,-0.36494493,0.3655798,-0.29494026,0.7527297735214233
-0.13685417,-0.3004233,0.24666964,0.030894052,0.24950401,0.28353596,-0.2145226,0.17715457,-0.45993805,-0.28861204,0.047522638,0.15383907,0.3447353,-0.38575333,-0.022250447,-0.14233777,0.5681653618812561
0.039359387,0.086543314,0.22024596,0.22625859,0.26793793,0.027664315,0.14550862,0.25414237,0.0329721,0.3313975,0.10181636,-0.19816563,-0.37585476,-0.36184192,0.24516639,-0.4899919,0.6087846159934998
-0.12834063,-0.2277752,0.078136966,0.28475735,0.48360896,0.27381486,0.26592183,0.10086783,-0.005001308,0.009744998,0.0029106492,-0.28817427,-0.020185033,-0.38554573,0.10371051,-0.46014392,0.8122753500938416
-0.03747002,-0.42301673,0.31040487,0.18098046,0.5376978,0.33056492,-0.35229623,0.10218031,0.04806423,0.033390064,0.053080127,-0.21422842,0.0071500805,-0.20298845,0.07448025,-0.24220465,0.7656729817390442
-0.044969574,-0.4651067,-0.09239121,-0.028171292,0.3924802,0.25780928,-0.074142665,-0.044868022,-0.25255564,0.108169146,-0.09573446,0.13062277,0.19212447,-0.5341375,0.2094878,-0.27657723,0.6823229789733887
-0.3134196,-0.2663091,0.031100146,0.26963425,0.2522049,0.37014976,0.36610907,-0.14649588,-0.17421474,-0.15090226,-0.11501387,-0.005314631,-0.02014969,-0.20734529,0.26199985,-0.4718496,0.7051652669906616
-0.34346387,-0.4070809,0.19022658,-0.0016068543,0.6384238,0.046390917,-0.1466114,-0.053270265,-0.07724991,-0.077157296,-0.007868607,0.024083821,0.019686397,-0.22002812,0.16760698,-0.39573297,0.7504304647445679
-0.102010295,0.13847457,-0.2083493,0.1364334,0.15067983,0.35405287,0.28208905,0.15332334,0.32401818,-0.15611115,0.004533499,0.18688138,-0.13348761,-0.24476641,0.41527882,-0.4927123,0.6925897598266602
-0.41429746,-0.13944669,0.13530385,0.23764904,0.06552558,0.2592227,-0.0187713,0.17334746,-0.22342454,0.041019432,-0.13337913,-0.2027405,-0.050912123,-0.42038444,0.22052944,-0.5420268,0.6971192955970764
0.113878384,-0.12712899,0.14178461,0.14226012,0.37971497,0.16084462,-0.35446683,0.31691208,0.26041377,0.42836797,-0.009420953,0.0040906635,-0.048632424,0.03646253,0.23123844,-0.4751935,0.6567828059196472
-0.24574317,-0.3166058,0.08484186,0.2746782,0.16066733,0.53102237,-0.031388592,-0.074090175,-0.16714871,-0.13221967,-0.06012373,-0.116353855,0.027502533,-0.12780423,0.27173474,-0.5375384,0.7694445848464966
-0.027941437,-0.54483354,0.03708326,0.16258714,0.17052338,0.26455304,-0.18253313,-0.02661555,-0.29208738,-0.19237748,-0.08443174,0.02073477,0.21519496,-0.5744438,-0.16728438,-0.08550614,0.5087671279907227
0.13779496,-0.2440302,-0.008432484,0.34121978,0.261054,0.6370661,0.06778179,0.34941733,0.0085736485,0.15710826,-0.0532301,0.15530138,0.07572671,-0.3439906,0.013713845,-0.16825533,0.7121203541755676
0.2210938,-0.2544389,0.32251254,0.107058726,0.14436835,0.28364563,0.22477534,0.4764304,0.054240424,0.033156507,-0.03017078,0.35297617,0.13985957,-0.04034958,0.21913658,-0.43970674,0.7663747072219849
-0.10003992,0.037976094,0.17034133,-0.028140178,0.29026732,-0.10397151,0.17216566,0.16456051,0.40377244,-0.45462093,0.031030018,0.093537994,0.087901495,-0.4735666,0.3198842,-0.30530787,0.6857942938804626
0.022316718,-0.32218516,0.39251477,0.22561078,0.38168028,0.37652162,0.0129497135,0.10666446,-0.10702222,-0.04614115,-0.021150382,-0.08291677,0.17402568,-0.27123645,0.20624103,-0.47375345,0.8998098969459534
0.00047134777,-0.24125452,-0.075354464,0.21623191,0.5107452,0.016336044,0.15740918,-0.07345687,0.28198424,-0.2547108,0.17167611,-0.44005367,-0.2592531,-0.09439653,0.20463684,-0.33548278,0.5967519879341125
-0.06580835,-0.36296105,0.0932472,0.2886488,0.48518196,0.3087249,-0.2420316,0.092617705,0.21051283,-0.24247466,0.17248322,-0.16437389,-0.04676892,-0.21964066,0.019383453,-0.4041801,0.8337294459342957
-0.20491445,-0.10622107,0.3150292,0.043677457,0.24466865,-0.026382035,0.22254924,-0.009314232,-0.04591779,-0.031039102,-0.096750915,-0.0050600353,-0.11468104,-0.14622688,0.4714059,-0.6827786,0.7325975298881531
-0.18291087,-0.21489012,-0.16285524,0.16481516,0.50026184,0.41701365,-0.257762,0.20310992,0.27353948,0.05295892,0.033486094,-0.07731273,0.051584583,-0.12776022,0.20037898,-0.43699008,0.8098706603050232
0.09319681,-0.24831353,0.113607265,0.117181145,0.12387148,0.27518195,-0.27246583,0.49293864,0.2524152,-0.09818388,0.113032244,0.20268373,0.11302737,0.11761844,0.3377327,-0.4762753,0.770466148853302
0.047122657,-0.3406247,0.08111497,0.35729071,0.21895373,0.35399237,-0.20454408,0.27415535,0.05249059,0.12786315,0.07365253,-0.12083506,-0.07771489,-0.1578957,0.27240536,-0.5594299,0.8568130135536194
-0.37698346,-0.03740058,0.10344009,0.12535366,0.22467497,0.4544472,0.3607028,-0.106265806,-0.24762829,-0.2917625,-0.023088967,0.008625685,-0.028866567,-0.12009028,0.40334865,-0.32660925,0.6037554740905762
-0.09416926,-0.22490607,0.19036531,0.28076985,0.23090668,0.18645635,0.25609672,-0.08297362,-0.048907273,-0.18809877,-0.078732386,0.13815631,-0.2505031,-0.3930373,0.12830944,-0.60677207,0.7769476771354675
-0.18514647,0.02996135,0.062414233,0.07121153,0.45219252,0.10407777,0.4283951,-0.13543005,0.040097717,-0.23645222,0.043340974,0.061956063,-0.066957176,0.13239695,0.33465907,-0.58432794,0.6086711287498474
0.06605775,0.03742262,0.09186834,0.19596359,0.2937863,0.5165558,0.31540436,0.3067377,0.11644861,-0.08157218,0.047895666,0.44487977,0.37358698,0.024358246,0.14133142,-0.1418618,0.5854222774505615
-0.21250097,-0.3453408,0.115437865,-0.110439084,0.1947549,0.041134086,-0.2216325,0.38682833,0.094304815,-0.08201719,-0.062226366,0.17317073,-0.0023894284,-0.020563025,0.45189178,-0.5635305,0.7815492749214172
-0.38523322,-0.05063102,0.12820515,0.02623494,0.188106,-0.08741875,-0.10737235,0.03875385,-0.22338048,-0.14887911,-0.036558174,-0.29149845,-0.08677601,-0.4487495,0.24250974,-0.5914064,0.5997530817985535
-0.2873441,-0.49730608,-0.075615615,-0.15563028,0.25418523,0.058715086,0.19860163,0.09255128,0.36077794,-0.47054243,-0.055618685,0.34635404,0.13144585,-0.09100085,-0.12809911,-0.0867264,0.4359798729419708
0.19658735,-0.21420382,0.06594596,0.34615615,0.48205853,0.46720934,0.15647897,0.28875098,0.3102022,0.15374841,0.13818595,-0.098598875,0.115606494,-0.08503592,0.09685786,-0.23261736,0.751406192779541
0.17993093,-0.3120831,0.516191,-0.07002439,0.13649102,0.14619872,0.023041524,0.24549639,0.00790746,-0.10276551,0.04159327,0.29081258,0.25023276,-0.14383847,0.4395835,-0.35299346,0.7557812333106995
0.008361787,0.27340397,0.25920337,0.32366717,0.2682635,0.09637599,0.04287692,0.22445713,-0.03854756,-0.043692064,0.09324787,0.031554624,0.113048315,0.4059396,0.33510768,-0.56285924,0.5089041590690613
0.34214595,-0.10954978,0.121082574,0.09592962,-0.045416154,0.09586002,0.51205325,0.40445825,0.11474483,-0.4875269,-0.015316103,0.0657557,0.054486975,-0.38499233,-0.05861554,0.0019580154,0.37635308504104614
-0.0010440549,-0.24257801,0.3551027,0.2197174,0.26558626,0.2239377,0.24671853,-0.0120910015,-0.17245902,0.04821984,0.026023636,-0.37988734,-0.027248222,-0.22854541,0.29389805,-0.5183342,0.7305257320404053
0.2898382,-0.16093881,0.1692076,0.121557295,0.20472582,0.26927236,0.23828165,0.19974588,0.2964619,-0.089521065,0.09566775,0.3902708,0.03689476,0.3289683,0.45483622,-0.248523,0.5719229578971863
0.06945529,-0.45307598,0.11634025,0.11226765,0.16855772,0.04444137,0.15796217,0.06861527,-0.15081239,-0.032524038,0.056488477,-0.34241208,-0.04351332,-0.26473966,0.4204363,-0.5574279,0.7440553307533264
-0.3404778,0.123455204,-0.10909534,0.34482405,0.27527526,0.30235335,0.3164297,-0.0550894,0.1900895,-0.2064347,-0.0021211414,0.11218626,-0.103725925,-0.2921196,0.21961951,-0.48167044,0.669633686542511
0.0009432994,0.07921308,0.2278853,0.00074195187,0.29457998,-0.091832824,-0.0072209947,0.47008672,-0.020296361,-0.39344653,-0.15253198,0.0130667165,0.08344908,-0.14619413,0.44996732,-0.46485698,0.7210949659347534
-0.18228772,-0.31633124,0.021659125,0.107856706,0.23881958,0.43862644,-0.21825218,0.42342845,-0.016263722,-0.10814051,0.0181085,0.1962539,0.38742724,-0.27946067,0.25804192,-0.1807313,0.7727121710777283
-0.304649,-0.35821778,-0.08380572,0.16759442,0.5464236,0.43137515,0.00048021154,0.023040766,-0.06433625,-0.06496379,-0.07065131,0.09050671,0.056350064,-0.2838633,0.24842456,-0.30257615,0.8176746964454651
-0.5874974,-0.22430107,-0.036548413,-0.017024491,0.15641615,-0.17060578,-0.25735772,-0.15840074,0.051949464,-0.6247534,-0.080666214,-0.13891794,-0.14175375,-0.09916407,-0.01653984,-0.09482611,0.19320017099380493
-0.2334926,0.07492098,-0.04277257,0.023186445,0.28506103,-0.032040495,0.08369293,0.31001407,0.193952,-0.23148681,-0.14284372,0.25844672,-0.024995003,-0.26861247,0.5043692,-0.49652103,0.740145206451416
-0.24670051,0.24523328,-0.24976784,0.047551762,0.4421913,-0.48617902,-0.13508476,0.08659712,0.027957752,-0.082304046,-0.08866103,0.057207424,0.033979382,-0.47529083,0.33212897,0.025487212,0.20215632021427155
-0.10703106,-0.02693362,0.27286264,0.11211744,0.34191847,0.55840486,0.057432167,0.1714156,0.37251753,-0.30363935,0.15365869,-0.017785912,0.12413759,-0.3108552,0.093655095,-0.25235435,0.7960067987442017
0.093691856,-0.12088839,0.07626494,0.26683497,0.488829,0.3310361,-0.13210315,0.29358575,0.24464908,0.40020475,0.09865339,0.24979228,0.0706571,0.033676837,0.19675845,-0.332298,0.6957840919494629
